{"lf_score": 0.45897435897435895, "conf_score": 0.9957190779539254, "blue_mean": 0.0011731055441012, "blue_var": 1.1234125470604239e-07, "_timestamp": 1652114554, "_runtime": 181, "_step": 0, "_wandb": {"runtime": 179}}