{"lf_score": 0.0, "conf_score": 0.9788177609443665, "blue_mean": 0.005576442714272087, "blue_var": 0.0, "_timestamp": 1652114046, "_runtime": 4, "_step": 0, "_wandb": {"runtime": 3}}